date,time_pt,id,week,pillar,format,platforms,keyword,hook,photo_slots,status
"2026-09-28","19:30","p01-meet-the-crew","1","Crew / Friends","carousel","Instagram + Facebook + LinkedIn + TikTok","","We're Boss & Friends. What trade are you in?","crew-group | site-wide | work-action","needs photos"
"2026-09-29","12:10","p02-7-checks-before-the-pour","1","Pour Day Explained","carousel","Instagram + Facebook + LinkedIn + TikTok","POUR","7 checks before the pour. Once it's in, it's permanent.","","ready"
"2026-10-01","19:30","p03-site-story-part-1","1","Job Proof / Site Story","carousel","Instagram + Facebook + LinkedIn","","Site series Part 1: from dirt to footings.","site-A-01-before | site-A-02-dig | site-A-03-footings","needs photos"
"2026-10-02","07:30","li01-cranbrook-rebar-inspection","1","Job Proof / Site Story","multi-image","LinkedIn","","Rebar inspection: passed. Footings on Cranbrook's new childcare centre are ready for concrete.","cranbrook-01 | cranbrook-02 | cranbrook-03 | cranbrook-04 | cranbrook-05","needs photos"
"2026-10-02","12:15","tt01-cranbrook-rebar-clip","1","Job Proof / Raw","video","TikTok","","Rebar inspection day 👷 → PASSED ✅ Pour day next.","","ready"
"2026-10-02","12:10","p04-concrete-myths","1","Myth vs Fact","carousel","Instagram + Facebook + TikTok","","4 concrete myths builders, homeowners and crew all fall for.","","ready"
"2026-10-03","09:00","p05-site-story-part-2","1","Job Proof / Site Story","carousel","Instagram + Facebook + LinkedIn","POUR","Everything in this photo disappears on pour day.","site-A-04-rebar | site-A-05-forms | site-A-06-sleeves","needs photos"
"2026-10-05","19:30","p06-before-after","2","Job Proof","carousel","Instagram + Facebook + TikTok + LinkedIn","","Day 1 vs day ?. Guess how many days.","ba-A-before | ba-A-after","needs photos"
"2026-10-06","12:10","p07-before-you-hire","2","Homeowner Guide","carousel","Facebook + Instagram","HIRE","5 questions to ask before you hire any contractor.","","ready"
"2026-10-07","06:45","p08-pour-day-mistakes","2","Costly Mistakes","carousel","Instagram + Facebook + LinkedIn + TikTok","","5 pour-day mistakes that turn into expensive fixes.","","ready"
"2026-10-08","12:10","p09-concrete-burns-safe","2","Crew Safety","carousel","Instagram + TikTok + Facebook","SAFE","Wet concrete burns, and it won't hurt until hours later.","","ready"
"2026-10-10","09:00","p10-pour-day-thanksgiving","2","Job Proof / Crew","carousel","Instagram + Facebook + LinkedIn + TikTok","","Site series Part 3: pour day. Thankful for the crew.","site-A-07-pour | site-A-08-crew | site-A-09-done","needs photos"
